_id,quantidade_autos,escopo_autuacao_id,uf_id,amparo_legal_id,descricao_infracao_id,data_dt
6407641b305a576376e6f372,400.0,1,1,1,1,2021-02-01
6407641b305a576376e6f374,17.0,1,2,1,2,2021-02-01
6407641b305a576376e6f38f,406.0,1,1,1,2,2021-03-01
6407641b305a576376e6f3aa,930.0,1,3,1,3,2021-04-01
6407641b305a576376e6f3b7,353.0,1,1,1,2,2021-04-01
6407641b305a576376e6f3c4,5.0,2,4,1,4,2021-05-01
6407641b305a576376e6f3c9,1.0,2,5,1,4,2021-05-01
6407641b305a576376e6f3cf,6.0,1,6,1,2,2021-05-01
6407641b305a576376e6f3dd,91.0,1,7,1,3,2021-05-01
6407641b305a576376e6f3ed,2.0,2,3,1,4,2021-06-01
6407641b305a576376e6f40a,353.0,1,1,1,1,2021-06-01
6407641b305a576376e6f418,1.0,2,8,1,4,2021-07-01
6407641b305a576376e6f346,69.0,1,3,1,2,2021-01-01
6407641b305a576376e6f35a,113.0,1,5,1,1,2021-01-01
6407641b305a576376e6f36d,347.0,1,4,1,3,2021-02-01
6407641b305a576376e6f377,61.0,1,5,1,2,2021-02-01
6407641b305a576376e6f378,154.0,1,5,1,1,2021-02-01
6407641b305a576376e6f386,103.0,1,3,1,2,2021-03-01
6407641b305a576376e6f3a1,1.0,2,2,1,4,2021-04-01
6407641b305a576376e6f3b4,73.0,1,8,1,2,2021-04-01
6407641b305a576376e6f3c2,535.0,1,9,1,3,2021-04-01
6407641b305a576376e6f3dc,32.0,1,7,1,1,2021-05-01
6407641b305a576376e6f40f,82.0,1,2,1,3,2021-06-01
6407641b305a576376e6f411,189.0,1,5,1,2,2021-06-01
6407641b305a576376e6f432,670.0,1,8,1,3,2021-07-01
6407641b305a576376e6f41d,63.0,3,3,2,5,2021-07-01
6407641b305a576376e6f436,77.0,1,2,1,1,2021-07-01
6407641b305a576376e6f45d,561.0,1,8,1,3,2021-08-01
6407641b305a576376e6f45f,350.0,1,1,1,2,2021-08-01
6407641b305a576376e6f46a,1.0,2,4,1,6,2021-09-01
6407641b305a576376e6f48d,30.0,1,5,1,1,2021-09-01
6407641b305a576376e6f49c,102.0,1,3,1,2,2021-10-01
6407641b305a576376e6f4a1,3.0,1,4,3,7,2021-10-01
6407641b305a576376e6f4ac,461.0,1,1,1,2,2021-10-01
6407641b305a576376e6f4be,193.0,3,3,2,5,2021-11-01
6407641b305a576376e6f4d7,46.0,1,2,1,1,2021-11-01
6407641b305a576376e6f4f9,49.0,1,10,1,1,2021-12-01
6407641b305a576376e6f4fc,72.0,1,8,1,1,2021-12-01
6407641b305a576376e6f510,136.0,3,3,2,5,2022-01-01
6407641b305a576376e6f526,459.0,1,1,1,2,2022-01-01
6407641b305a576376e6f442,1.0,2,8,1,8,2021-08-01
6407641b305a576376e6f45e,260.0,1,1,1,1,2021-08-01
6407641b305a576376e6f464,144.0,1,5,1,1,2021-08-01
6407641b305a576376e6f46e,2.0,2,1,1,8,2021-09-01
6407641b305a576376e6f481,70.0,1,10,1,2,2021-09-01
6407641b305a576376e6f484,162.0,1,8,1,2,2021-09-01
6407641b305a576376e6f496,2.0,2,9,1,4,2021-10-01
6407641b305a576376e6f4b1,141.0,1,5,1,1,2021-10-01
6407641b305a576376e6f4c9,58.0,1,11,1,2,2021-11-01
6407641b305a576376e6f4d2,124.0,1,8,1,2,2021-11-01
6407641b305a576376e6f4e2,1.0,2,3,1,4,2021-12-01
6407641b305a576376e6f4e3,1.0,2,4,1,4,2021-12-01
6407641b305a576376e6f4fd,103.0,1,8,1,2,2021-12-01
6407641b305a576376e6f502,23.0,1,2,1,1,2021-12-01
6407641b305a576376e6f507,272.0,1,5,1,3,2021-12-01
6407641b305a576376e6f513,899.0,3,10,2,5,2022-01-01
6407641b305a576376e6f51b,353.0,1,11,1,3,2022-01-01
6407641b305a576376e6f52c,353.0,1,5,1,1,2022-01-01
6407641b305a576376e6f379,626.0,1,5,1,3,2021-02-01
6407641b305a576376e6f389,33.0,1,4,1,2,2021-03-01
6407641b305a576376e6f38e,363.0,1,8,1,3,2021-03-01
6407641b305a576376e6f3d3,3.0,1,11,3,7,2021-05-01
6407641b305a576376e6f3d5,99.0,1,11,1,1,2021-05-01
6407641b305a576376e6f3d6,562.0,1,11,1,3,2021-05-01
6407641b305a576376e6f3f3,415.0,3,3,2,5,2021-06-01
6407641b305a576376e6f33d,2.0,2,4,1,4,2021-01-01
6407641b305a576376e6f34d,41.0,1,7,1,1,2021-01-01
6407641b305a576376e6f356,10.0,1,2,1,2,2021-01-01
6407641b305a576376e6f383,631.0,3,3,2,5,2021-03-01
6407641b305a576376e6f390,453.0,1,1,1,1,2021-03-01
6407641b305a576376e6f3a3,385.0,3,3,2,5,2021-04-01
6407641b305a576376e6f3a6,4152.0,3,1,2,5,2021-04-01
6407641b305a576376e6f3ad,248.0,1,11,1,3,2021-04-01
6407641b305a576376e6f3b3,103.0,1,7,1,3,2021-04-01
6407641b305a576376e6f3c5,1.0,2,8,1,4,2021-05-01
6407641b305a576376e6f3d1,157.0,1,3,1,2,2021-05-01
6407641b305a576376e6f3d2,1170.0,1,3,1,3,2021-05-01
6407641b305a576376e6f3d4,19.0,1,11,1,2,2021-05-01
6407641b305a576376e6f3d7,1.0,1,4,3,7,2021-05-01
6407641b305a576376e6f3e3,3110.0,1,1,1,3,2021-05-01
6407641b305a576376e6f3e5,72.0,1,2,1,1,2021-05-01
6407641b305a576376e6f3ea,45.0,1,9,1,1,2021-05-01
6407641b305a576376e6f3f8,1.0,1,6,1,2,2021-06-01
6407641b305a576376e6f3fe,92.0,1,11,1,3,2021-06-01
6407641b305a576376e6f349,57.0,1,4,1,2,2021-01-01
6407641b305a576376e6f350,58.0,1,8,1,1,2021-01-01
6407641b305a576376e6f37e,1.0,2,1,1,4,2021-03-01
6407641b305a576376e6f381,1.0,2,5,1,4,2021-03-01
6407641b305a576376e6f396,207.0,1,5,1,1,2021-03-01
6407641b305a576376e6f39e,1.0,2,1,1,6,2021-04-01
6407641b305a576376e6f3a0,1.0,2,1,1,8,2021-04-01
6407641b305a576376e6f3bc,792.0,1,2,1,3,2021-04-01
6407641b305a576376e6f3eb,55.0,1,9,1,2,2021-05-01
6407641b305a576376e6f3f6,4073.0,3,1,2,5,2021-06-01
6407641b305a576376e6f402,653.0,1,4,1,1,2021-06-01
6407641b305a576376e6f41e,437.0,3,11,2,5,2021-07-01
6407641b305a576376e6f425,5.0,1,11,3,7,2021-07-01
6407641b305a576376e6f42c,1564.0,1,4,1,3,2021-07-01
6407641b305a576376e6f42d,1.0,1,7,1,2,2021-07-01
6407641b305a576376e6f41f,1023.0,3,4,2,5,2021-07-01
6407641b305a576376e6f46f,4.0,2,1,1,6,2021-09-01
6407641b305a576376e6f475,2301.0,3,9,2,5,2021-09-01
6407641b305a576376e6f47b,358.0,1,11,1,3,2021-09-01
6407641b305a576376e6f4b6,326.0,1,9,1,3,2021-10-01
6407641b305a576376e6f4c1,12.0,3,10,2,5,2021-11-01
6407641b305a576376e6f4cd,711.0,1,4,1,3,2021-11-01
6407641b305a576376e6f4e1,1.0,2,3,1,6,2021-12-01
6407641b305a576376e6f517,96.0,1,3,1,1,2022-01-01
6407641b305a576376e6f520,26.0,1,10,1,2,2022-01-01
6407641b305a576376e6f52d,677.0,1,5,1,3,2022-01-01
6407641b305a576376e6f437,86.0,1,2,1,2,2021-07-01
6407641b305a576376e6f439,204.0,1,5,1,1,2021-07-01
6407641b305a576376e6f443,2.0,2,8,1,4,2021-08-01
6407641b305a576376e6f44b,1614.0,3,9,2,5,2021-08-01
6407641b305a576376e6f463,443.0,1,2,1,3,2021-08-01
6407641b305a576376e6f46d,1.0,2,8,1,8,2021-09-01
6407641b305a576376e6f473,3363.0,3,4,2,5,2021-09-01
6407641b305a576376e6f477,65.0,1,3,1,2,2021-09-01
6407641b305a576376e6f47e,434.0,1,4,1,1,2021-09-01
6407641b305a576376e6f48f,134.0,1,9,1,1,2021-09-01
6407641b305a576376e6f49a,1442.0,3,9,2,5,2021-10-01
6407641b305a576376e6f4ba,4.0,2,1,1,4,2021-11-01
6407641b305a576376e6f4d1,101.0,1,8,1,1,2021-11-01
6407641b305a576376e6f4d3,157.0,1,8,1,3,2021-11-01
6407641b305a576376e6f4db,193.0,1,5,1,2,2021-11-01
6407641b305a576376e6f4f0,124.0,1,3,1,2,2021-12-01
6407641b305a576376e6f4fa,77.0,1,10,1,2,2021-12-01
6407641b305a576376e6f50e,4.0,2,1,1,4,2022-01-01
6407641b305a576376e6f51e,754.0,1,4,1,3,2022-01-01
6407641b305a576376e6f524,44.0,1,8,1,3,2022-01-01
6407641b305a576376e6f3f5,1744.0,3,4,2,5,2021-06-01
6407641b305a576376e6f407,125.0,1,8,1,2,2021-06-01
6407641b305a576376e6f423,112.0,1,3,1,2,2021-07-01
6407641b305a576376e6f428,317.0,1,11,1,3,2021-07-01
6407641b305a576376e6f447,20.0,3,3,2,5,2021-08-01
6407641b305a576376e6f455,183.0,1,4,1,2,2021-08-01
6407641b305a576376e6f459,47.0,1,10,1,2,2021-08-01
6407641b305a576376e6f498,1858.0,3,4,2,5,2021-10-01
6407641b305a576376e6f4b2,164.0,1,5,1,2,2021-10-01
6407641b305a576376e6f4c6,94.0,1,3,1,2,2021-11-01
6407641b305a576376e6f4ed,3099.0,3,1,2,5,2021-12-01
6407641b305a576376e6f529,10.0,1,2,1,2,2022-01-01
6407641b305a576376e6f347,95.0,1,3,1,1,2021-01-01
6407641b305a576376e6f352,1.0,1,1,3,3,2021-01-01
6407641b305a576376e6f359,51.0,1,5,1,2,2021-01-01
6407641b305a576376e6f39f,1.0,2,1,1,4,2021-04-01
6407641b305a576376e6f3c7,3.0,2,1,1,6,2021-05-01
6407641b305a576376e6f3c8,4.0,2,1,1,4,2021-05-01
6407641b305a576376e6f3de,65.0,1,8,1,2,2021-05-01
6407641b305a576376e6f3fa,135.0,1,3,1,2,2021-06-01
6407641b305a576376e6f40d,24.0,1,2,1,1,2021-06-01
6407641b305a576376e6f412,702.0,1,5,1,3,2021-06-01
6407641b305a576376e6f41a,3.0,2,1,1,4,2021-07-01
6407641b305a576376e6f43f,1.0,2,4,1,6,2021-08-01
6407641b305a576376e6f465,151.0,1,5,1,2,2021-08-01
6407641b305a576376e6f47d,213.0,1,4,1,2,2021-09-01
6407641b305a576376e6f48e,86.0,1,5,1,3,2021-09-01
6407641b305a576376e6f490,160.0,1,9,1,2,2021-09-01
6407641b305a576376e6f495,7.0,2,1,1,4,2021-10-01
6407641b305a576376e6f4a5,39.0,1,10,1,1,2021-10-01
6407641b305a576376e6f4b4,88.0,1,9,1,1,2021-10-01
6407641b305a576376e6f4b9,1.0,2,8,1,4,2021-11-01
6407641b305a576376e6f4c3,1260.0,3,9,2,5,2021-11-01
6407641b305a576376e6f4cc,169.0,1,4,1,1,2021-11-01
6407641b305a576376e6f4dd,171.0,1,9,1,1,2021-11-01
6407641b305a576376e6f4ee,851.0,3,9,2,5,2021-12-01
6407641b305a576376e6f4ef,5.0,1,6,1,2,2021-12-01
6407641b305a576376e6f505,160.0,1,5,1,1,2021-12-01
6407641b305a576376e6f506,176.0,1,5,1,2,2021-12-01
6407641b305a576376e6f508,149.0,1,9,1,1,2021-12-01
6407641b305a576376e6f34a,172.0,1,4,1,1,2021-01-01
6407641b305a576376e6f35e,443.0,1,9,1,3,2021-01-01
6407641b305a576376e6f36b,32.0,1,4,1,2,2021-02-01
6407641b305a576376e6f371,276.0,1,1,1,2,2021-02-01
6407641b305a576376e6f375,33.0,1,2,1,1,2021-02-01
6407641b305a576376e6f388,1155.0,1,3,1,3,2021-03-01
6407641b305a576376e6f38a,78.0,1,4,1,1,2021-03-01
6407641b305a576376e6f38d,59.0,1,8,1,1,2021-03-01
6407641b305a576376e6f391,3437.0,1,1,1,3,2021-03-01
6407641b305a576376e6f3ca,215.0,3,3,2,5,2021-05-01
6407641b305a576376e6f3d0,135.0,1,3,1,1,2021-05-01
6407641b305a576376e6f3f4,962.0,3,11,2,5,2021-06-01
6407641b305a576376e6f3f7,804.0,3,9,2,5,2021-06-01
6407641b305a576376e6f401,174.0,1,4,1,2,2021-06-01
6407641b305a576376e6f406,52.0,1,7,1,3,2021-06-01
6407641b305a576376e6f43c,108.0,1,9,1,2,2021-07-01
6407641b305a576376e6f441,1.0,2,8,1,6,2021-08-01
6407641b305a576376e6f44d,62.0,1,3,1,1,2021-08-01
6407641b305a576376e6f44e,87.0,1,3,1,2,2021-08-01
6407641b305a576376e6f45a,209.0,1,10,1,3,2021-08-01
6407641b305a576376e6f485,643.0,1,8,1,3,2021-09-01
6407641b305a576376e6f4ad,1713.0,1,1,1,3,2021-10-01
6407641b305a576376e6f4b0,235.0,1,2,1,3,2021-10-01
6407641b305a576376e6f4bb,4.0,2,1,1,6,2021-11-01
6407641b305a576376e6f4bc,1.0,2,2,1,8,2021-11-01
6407641b305a576376e6f4c7,256.0,1,3,1,3,2021-11-01
6407641b305a576376e6f4d8,57.0,1,2,1,2,2021-11-01
6407641b305a576376e6f4da,169.0,1,5,1,1,2021-11-01
6407641b305a576376e6f4ea,1021.0,3,11,2,5,2021-12-01
6407641b305a576376e6f4fe,112.0,1,8,1,3,2021-12-01
6407641b305a576376e6f504,177.0,1,2,1,3,2021-12-01
6407641b305a576376e6f512,172.0,3,4,2,5,2022-01-01
6407641b305a576376e6f52b,330.0,1,5,1,2,2022-01-01
6407641b305a576376e6f33c,1.0,2,3,1,6,2021-01-01
6407641b305a576376e6f34e,83.0,1,7,1,3,2021-01-01
6407641b305a576376e6f353,307.0,1,1,1,2,2021-01-01
6407641b305a576376e6f369,816.0,1,3,1,3,2021-02-01
6407641b305a576376e6f36f,81.0,1,8,1,1,2021-02-01
6407641b305a576376e6f39a,488.0,1,9,1,3,2021-03-01
6407641b305a576376e6f3a4,347.0,3,11,2,5,2021-04-01
6407641b305a576376e6f3ac,35.0,1,11,1,1,2021-04-01
6407641b305a576376e6f3bb,65.0,1,2,1,1,2021-04-01
6407641b305a576376e6f3ce,1305.0,3,9,2,5,2021-05-01
6407641b305a576376e6f3e8,211.0,1,5,1,1,2021-05-01
6407641b305a576376e6f3f0,4.0,2,1,1,6,2021-06-01
6407641b305a576376e6f431,161.0,1,8,1,2,2021-07-01
6407641b305a576376e6f434,425.0,1,1,1,2,2021-07-01
6407641b305a576376e6f43b,798.0,1,5,1,3,2021-07-01
6407641b305a576376e6f440,2.0,2,4,1,4,2021-08-01
6407641b305a576376e6f456,476.0,1,4,1,1,2021-08-01
6407641b305a576376e6f466,616.0,1,5,1,3,2021-08-01
6407641b305a576376e6f467,72.0,1,9,1,1,2021-08-01
6407641b305a576376e6f476,51.0,1,3,1,1,2021-09-01
6407641b305a576376e6f483,114.0,1,8,1,1,2021-09-01
6407641b305a576376e6f4ae,31.0,1,2,1,1,2021-10-01
6407641b305a576376e6f4b5,123.0,1,9,1,2,2021-10-01
6407641b305a576376e6f4ca,201.0,1,11,1,3,2021-11-01
6407641b305a576376e6f4cf,99.0,1,10,1,2,2021-11-01
6407641b305a576376e6f4d0,287.0,1,10,1,3,2021-11-01
6407641b305a576376e6f4d5,411.0,1,1,1,2,2021-11-01
6407641b305a576376e6f4d9,234.0,1,2,1,3,2021-11-01
6407641b305a576376e6f4f8,609.0,1,4,1,3,2021-12-01
6407641b305a576376e6f509,197.0,1,9,1,3,2021-12-01
6407641b305a576376e6f511,678.0,3,11,2,5,2022-01-01
6407641b305a576376e6f340,3.0,2,1,1,4,2021-01-01
6407641b305a576376e6f341,5.0,2,1,1,6,2021-01-01
6407641b305a576376e6f34b,809.0,1,4,1,3,2021-01-01
6407641b305a576376e6f351,364.0,1,8,1,3,2021-01-01
6407641b305a576376e6f35f,1.0,2,8,1,4,2021-02-01
6407641b305a576376e6f36e,51.0,1,8,1,2,2021-02-01
6407641b305a576376e6f380,3.0,2,1,1,8,2021-03-01
6407641b305a576376e6f38b,495.0,1,4,1,3,2021-03-01
6407641b305a576376e6f3a9,100.0,1,3,1,1,2021-04-01
6407641b305a576376e6f3e7,119.0,1,5,1,2,2021-05-01
6407641b305a576376e6f3fc,5.0,1,11,3,7,2021-06-01
6407641b305a576376e6f345,422.0,3,9,2,5,2021-01-01
6407641b305a576376e6f366,395.0,3,9,2,5,2021-02-01
6407641b305a576376e6f37f,2.0,2,1,1,6,2021-03-01
6407641b305a576376e6f38c,31.0,1,8,1,2,2021-03-01
6407641b305a576376e6f392,12.0,1,2,1,2,2021-03-01
6407641b305a576376e6f3b5,98.0,1,8,1,1,2021-04-01
6407641b305a576376e6f3c3,1.0,2,4,1,8,2021-05-01
6407641b305a576376e6f3d9,282.0,1,4,1,1,2021-05-01
6407641b305a576376e6f3ee,2.0,2,4,1,8,2021-06-01
6407641b305a576376e6f3ef,3.0,2,4,1,4,2021-06-01
6407641b305a576376e6f3f2,2.0,2,9,1,4,2021-06-01
6407641b305a576376e6f403,781.0,1,4,1,3,2021-06-01
6407641b305a576376e6f408,128.0,1,8,1,1,2021-06-01
6407641b305a576376e6f40c,2117.0,1,1,1,3,2021-06-01
6407641b305a576376e6f414,138.0,1,9,1,2,2021-06-01
6407641b305a576376e6f415,536.0,1,9,1,3,2021-06-01
6407641b305a576376e6f417,7.0,2,4,1,4,2021-07-01
6407641b305a576376e6f41c,1.0,2,5,1,4,2021-07-01
6407641b305a576376e6f420,5205.0,3,1,2,5,2021-07-01
6407641b305a576376e6f424,257.0,1,3,1,3,2021-07-01
6407641b305a576376e6f427,102.0,1,11,1,1,2021-07-01
6407641b305a576376e6f429,1.0,1,4,3,7,2021-07-01
6407641b305a576376e6f43a,212.0,1,5,1,2,2021-07-01
6407641b305a576376e6f43d,128.0,1,9,1,1,2021-07-01
6407641b305a576376e6f454,4.0,1,4,3,7,2021-08-01
6407641b305a576376e6f462,130.0,1,2,1,2,2021-08-01
6407641b305a576376e6f49b,60.0,1,3,1,1,2021-10-01
6407641b305a576376e6f4af,36.0,1,2,1,2,2021-10-01
6407641b305a576376e6f4b8,1.0,2,4,1,4,2021-11-01
6407641b305a576376e6f4d6,724.0,1,1,1,3,2021-11-01
6407641b305a576376e6f4e8,1.0,2,9,1,6,2021-12-01
6407641b305a576376e6f50d,2.0,2,1,1,6,2022-01-01
6407641b305a576376e6f515,748.0,3,9,2,5,2022-01-01
6407641b305a576376e6f522,25.0,1,8,1,1,2022-01-01
6407641b305a576376e6f52a,51.0,1,2,1,3,2022-01-01
6407641b305a576376e6f445,2.0,2,5,1,4,2021-08-01
6407641b305a576376e6f457,1697.0,1,4,1,3,2021-08-01
6407641b305a576376e6f461,81.0,1,2,1,1,2021-08-01
6407641b305a576376e6f470,8.0,2,1,1,4,2021-09-01
6407641b305a576376e6f474,4811.0,3,1,2,5,2021-09-01
6407641b305a576376e6f479,43.0,1,11,1,2,2021-09-01
6407641b305a576376e6f47c,2.0,1,4,3,7,2021-09-01
6407641b305a576376e6f493,1.0,2,1,1,8,2021-10-01
6407641b305a576376e6f4a3,251.0,1,4,1,1,2021-10-01
6407641b305a576376e6f4b3,622.0,1,5,1,3,2021-10-01
6407641b305a576376e6f4c8,49.0,1,11,1,1,2021-11-01
6407641b305a576376e6f4df,195.0,1,9,1,3,2021-11-01
6407641b305a576376e6f4e4,1.0,2,10,1,4,2021-12-01
6407641b305a576376e6f4e6,1.0,2,1,1,6,2021-12-01
6407641b305a576376e6f4e9,194.0,3,3,2,5,2021-12-01
6407641b305a576376e6f4f1,136.0,1,3,1,1,2021-12-01
6407641b305a576376e6f4f4,151.0,1,11,1,1,2021-12-01
6407641b305a576376e6f500,441.0,1,1,1,2,2021-12-01
6407641b305a576376e6f501,711.0,1,1,1,3,2021-12-01
6407641b305a576376e6f51c,221.0,1,4,1,1,2022-01-01
6407641b305a576376e6f51d,224.0,1,4,1,2,2022-01-01
6407641b305a576376e6f52e,99.0,1,9,1,1,2022-01-01
6407641b305a576376e6f33e,1.0,2,7,1,4,2021-01-01
6407641b305a576376e6f344,6330.0,3,1,2,5,2021-01-01
6407641b305a576376e6f34c,7.0,1,7,1,2,2021-01-01
6407641b305a576376e6f354,435.0,1,1,1,1,2021-01-01
6407641b305a576376e6f355,2991.0,1,1,1,3,2021-01-01
6407641b305a576376e6f362,4.0,2,1,1,6,2021-02-01
6407641b305a576376e6f367,89.0,1,3,1,2,2021-02-01
6407641b305a576376e6f368,106.0,1,3,1,1,2021-02-01
6407641b305a576376e6f394,418.0,1,2,1,3,2021-03-01
6407641b305a576376e6f397,839.0,1,5,1,3,2021-03-01
6407641b305a576376e6f39c,1.0,2,7,1,8,2021-04-01
6407641b305a576376e6f3a7,531.0,3,9,2,5,2021-04-01
6407641b305a576376e6f3b1,6.0,1,7,1,2,2021-04-01
6407641b305a576376e6f3b6,750.0,1,8,1,3,2021-04-01
6407641b305a576376e6f3b8,469.0,1,1,1,1,2021-04-01
6407641b305a576376e6f3bd,119.0,1,5,1,2,2021-04-01
6407641b305a576376e6f3c0,65.0,1,9,1,2,2021-04-01
6407641b305a576376e6f3e1,365.0,1,1,1,2,2021-05-01
6407641b305a576376e6f3e2,445.0,1,1,1,1,2021-05-01
6407641b305a576376e6f3e4,47.0,1,2,1,2,2021-05-01
6407641b305a576376e6f3e6,568.0,1,2,1,3,2021-05-01
6407641b305a576376e6f3f9,84.0,1,3,1,1,2021-06-01
6407641b305a576376e6f410,165.0,1,5,1,1,2021-06-01
6407641b305a576376e6f413,115.0,1,9,1,1,2021-06-01
6407641b305a576376e6f357,17.0,1,2,1,1,2021-01-01
6407641b305a576376e6f358,154.0,1,2,1,3,2021-01-01
6407641b305a576376e6f35d,66.0,1,9,1,1,2021-01-01
6407641b305a576376e6f363,2.0,2,9,1,4,2021-02-01
6407641b305a576376e6f376,339.0,1,2,1,3,2021-02-01
6407641b305a576376e6f37b,55.0,1,9,1,2,2021-02-01
6407641b305a576376e6f399,74.0,1,9,1,1,2021-03-01
6407641b305a576376e6f3ab,7.0,1,11,1,2,2021-04-01
6407641b305a576376e6f3af,164.0,1,4,1,1,2021-04-01
6407641b305a576376e6f3b0,948.0,1,4,1,3,2021-04-01
6407641b305a576376e6f3e0,540.0,1,8,1,3,2021-05-01
6407641b305a576376e6f3e9,794.0,1,5,1,3,2021-05-01
6407641b305a576376e6f3f1,5.0,2,1,1,4,2021-06-01
6407641b305a576376e6f3fd,14.0,1,11,1,2,2021-06-01
6407641b305a576376e6f400,3.0,1,4,3,7,2021-06-01
6407641b305a576376e6f426,56.0,1,11,1,2,2021-07-01
6407641b305a576376e6f430,137.0,1,8,1,1,2021-07-01
6407641b305a576376e6f433,316.0,1,1,1,1,2021-07-01
6407641b305a576376e6f44a,4143.0,3,1,2,5,2021-08-01
6407641b305a576376e6f44c,13.0,1,6,1,2,2021-08-01
6407641b305a576376e6f44f,247.0,1,3,1,3,2021-08-01
6407641b305a576376e6f482,260.0,1,10,1,3,2021-09-01
6407641b305a576376e6f4a9,109.0,1,8,1,2,2021-10-01
6407641b305a576376e6f4bf,1740.0,3,11,2,5,2021-11-01
6407641b305a576376e6f4c5,64.0,1,3,1,1,2021-11-01
6407641b305a576376e6f4dc,292.0,1,5,1,3,2021-11-01
6407641b305a576376e6f4f3,149.0,1,11,1,2,2021-12-01
6407641b305a576376e6f4f5,380.0,1,11,1,3,2021-12-01
6407641b305a576376e6f51f,22.0,1,10,1,1,2022-01-01
6407641b305a576376e6f521,236.0,1,10,1,3,2022-01-01
6407641b305a576376e6f523,29.0,1,8,1,2,2022-01-01
6407641b305a576376e6f449,1853.0,3,4,2,5,2021-08-01
6407641b305a576376e6f45c,148.0,1,8,1,2,2021-08-01
6407641b305a576376e6f46c,1.0,2,8,1,4,2021-09-01
6407641b305a576376e6f472,1723.0,3,11,2,5,2021-09-01
6407641b305a576376e6f480,54.0,1,10,1,1,2021-09-01
6407641b305a576376e6f492,1.0,2,4,1,4,2021-10-01
6407641b305a576376e6f494,2.0,2,1,1,6,2021-10-01
6407641b305a576376e6f49d,345.0,1,3,1,3,2021-10-01
6407641b305a576376e6f4a7,279.0,1,10,1,3,2021-10-01
6407641b305a576376e6f4aa,362.0,1,8,1,3,2021-10-01
6407641b305a576376e6f514,2022.0,3,1,2,5,2022-01-01
6407641b305a576376e6f52f,103.0,1,9,1,2,2022-01-01
6407641b305a576376e6f343,41.0,3,3,2,5,2021-01-01
6407641b305a576376e6f35b,478.0,1,5,1,3,2021-01-01
6407641b305a576376e6f360,1.0,2,1,1,8,2021-02-01
6407641b305a576376e6f365,6508.0,3,1,2,5,2021-02-01
6407641b305a576376e6f373,3275.0,1,1,1,3,2021-02-01
6407641b305a576376e6f37d,1.0,2,3,1,4,2021-03-01
6407641b305a576376e6f387,125.0,1,3,1,1,2021-03-01
6407641b305a576376e6f393,26.0,1,2,1,1,2021-03-01
6407641b305a576376e6f398,46.0,1,9,1,2,2021-03-01
6407641b305a576376e6f39d,1.0,2,7,1,4,2021-04-01
6407641b305a576376e6f3ae,37.0,1,4,1,2,2021-04-01
6407641b305a576376e6f3db,9.0,1,7,1,2,2021-05-01
6407641b305a576376e6f41b,4.0,2,1,1,6,2021-07-01
6407641b305a576376e6f421,832.0,3,9,2,5,2021-07-01
6407641b305a576376e6f42a,254.0,1,4,1,2,2021-07-01
6407641b305a576376e6f42e,4.0,1,7,1,1,2021-07-01
6407641b305a576376e6f438,223.0,1,2,1,3,2021-07-01
6407641b305a576376e6f446,2.0,2,9,1,4,2021-08-01
6407641b305a576376e6f452,194.0,1,11,1,1,2021-08-01
6407641b305a576376e6f47f,1446.0,1,4,1,3,2021-09-01
6407641b305a576376e6f486,347.0,1,1,1,1,2021-09-01
6407641b305a576376e6f487,456.0,1,1,1,2,2021-09-01
6407641b305a576376e6f488,1894.0,1,1,1,3,2021-09-01
6407641b305a576376e6f491,735.0,1,9,1,3,2021-09-01
6407641b305a576376e6f49f,72.0,1,11,1,1,2021-10-01
6407641b305a576376e6f4c4,5.0,1,6,1,2,2021-11-01
6407641b305a576376e6f4e7,4.0,2,1,1,4,2021-12-01
6407641b305a576376e6f4f2,374.0,1,3,1,3,2021-12-01
6407641b305a576376e6f4f6,131.0,1,4,1,2,2021-12-01
6407641b305a576376e6f4ff,320.0,1,1,1,1,2021-12-01
6407641b305a576376e6f527,803.0,1,1,1,3,2022-01-01
6407641b305a576376e6f528,7.0,1,2,1,1,2022-01-01
6407641b305a576376e6f348,939.0,1,3,1,3,2021-01-01
6407641b305a576376e6f36a,1.0,1,11,1,3,2021-02-01
6407641b305a576376e6f382,2.0,2,9,1,4,2021-03-01
6407641b305a576376e6f3b2,37.0,1,7,1,1,2021-04-01
6407641b305a576376e6f3ba,40.0,1,2,1,2,2021-04-01
6407641b305a576376e6f3bf,1013.0,1,5,1,3,2021-04-01
6407641b305a576376e6f3da,1339.0,1,4,1,3,2021-05-01
6407641b305a576376e6f3ec,384.0,1,9,1,3,2021-05-01
6407641b305a576376e6f404,11.0,1,7,1,2,2021-06-01
6407641b305a576376e6f409,444.0,1,8,1,3,2021-06-01
6407641b305a576376e6f416,2.0,2,4,1,6,2021-07-01
6407641b305a576376e6f42b,328.0,1,4,1,1,2021-07-01
6407641b305a576376e6f450,7.0,1,11,3,7,2021-08-01
6407641b305a576376e6f453,458.0,1,11,1,3,2021-08-01
6407641b305a576376e6f45b,107.0,1,8,1,1,2021-08-01
6407641b305a576376e6f460,1628.0,1,1,1,3,2021-08-01
6407641b305a576376e6f47a,143.0,1,11,1,1,2021-09-01
6407641b305a576376e6f48a,91.0,1,2,1,2,2021-09-01
6407641b305a576376e6f48c,26.0,1,5,1,2,2021-09-01
6407641b305a576376e6f49e,58.0,1,11,1,2,2021-10-01
6407641b305a576376e6f4a2,148.0,1,4,1,2,2021-10-01
6407641b305a576376e6f4bd,6.0,2,9,1,4,2021-11-01
6407641b305a576376e6f4c0,2093.0,3,4,2,5,2021-11-01
6407641b305a576376e6f4ce,40.0,1,10,1,1,2021-11-01
6407641b305a576376e6f4de,190.0,1,9,1,2,2021-11-01
6407641b305a576376e6f4e0,1.0,2,3,1,8,2021-12-01
6407641b305a576376e6f4e5,1.0,2,1,1,8,2021-12-01
6407641b305a576376e6f4fb,232.0,1,10,1,3,2021-12-01
6407641b305a576376e6f4ab,317.0,1,1,1,1,2021-10-01
6407641b305a576376e6f4d4,257.0,1,1,1,1,2021-11-01
6407641b305a576376e6f4ec,330.0,3,10,2,5,2021-12-01
6407641b305a576376e6f4f7,192.0,1,4,1,1,2021-12-01
6407641b305a576376e6f503,31.0,1,2,1,2,2021-12-01
6407641b305a576376e6f50b,1.0,2,4,1,6,2022-01-01
6407641b305a576376e6f516,71.0,1,3,1,2,2022-01-01
6407641b305a576376e6f519,126.0,1,11,1,1,2022-01-01
6407641b305a576376e6f525,372.0,1,1,1,1,2022-01-01
6407641b305a576376e6f33f,2.0,2,1,1,8,2021-01-01
6407641b305a576376e6f342,3.0,2,5,1,4,2021-01-01
6407641b305a576376e6f34f,33.0,1,8,1,2,2021-01-01
6407641b305a576376e6f35c,46.0,1,9,1,2,2021-01-01
6407641b305a576376e6f361,3.0,2,1,1,4,2021-02-01
6407641b305a576376e6f36c,84.0,1,4,1,1,2021-02-01
6407641b305a576376e6f37a,50.0,1,9,1,1,2021-02-01
6407641b305a576376e6f37c,386.0,1,9,1,3,2021-02-01
6407641b305a576376e6f385,1074.0,3,9,2,5,2021-03-01
6407641b305a576376e6f395,81.0,1,5,1,2,2021-03-01
6407641b305a576376e6f39b,3.0,2,4,1,4,2021-04-01
6407641b305a576376e6f3a2,2.0,2,5,1,4,2021-04-01
6407641b305a576376e6f3a5,233.0,3,4,2,5,2021-04-01
6407641b305a576376e6f3be,238.0,1,5,1,1,2021-04-01
6407641b305a576376e6f3c1,66.0,1,9,1,1,2021-04-01
6407641b305a576376e6f3c6,1.0,2,1,1,8,2021-05-01
6407641b305a576376e6f3cb,798.0,3,11,2,5,2021-05-01
6407641b305a576376e6f3cd,3464.0,3,1,2,5,2021-05-01
6407641b305a576376e6f3d8,98.0,1,4,1,2,2021-05-01
6407641b305a576376e6f3df,107.0,1,8,1,1,2021-05-01
6407641b305a576376e6f3fb,593.0,1,3,1,3,2021-06-01
6407641b305a576376e6f3ff,256.0,1,11,1,1,2021-06-01
6407641b305a576376e6f40b,442.0,1,1,1,2,2021-06-01
6407641b305a576376e6f40e,50.0,1,2,1,2,2021-06-01
6407641b305a576376e6f419,1.0,2,1,1,8,2021-07-01
6407641b305a576376e6f422,63.0,1,3,1,1,2021-07-01
6407641b305a576376e6f444,6.0,2,1,1,4,2021-08-01
6407641b305a576376e6f451,65.0,1,11,1,2,2021-08-01
6407641b305a576376e6f469,403.0,1,9,1,3,2021-08-01
6407641b305a576376e6f471,2.0,2,9,1,4,2021-09-01
6407641b305a576376e6f478,287.0,1,3,1,3,2021-09-01
6407641b305a576376e6f489,74.0,1,2,1,1,2021-09-01
6407641b305a576376e6f497,1964.0,3,11,2,5,2021-10-01
6407641b305a576376e6f4a0,455.0,1,11,1,3,2021-10-01
6407641b305a576376e6f4b7,1.0,2,3,1,4,2021-11-01
6407641b305a576376e6f4c2,4392.0,3,1,2,5,2021-11-01
6407641b305a576376e6f4eb,637.0,3,4,2,5,2021-12-01
6407641b305a576376e6f50a,205.0,1,9,1,2,2021-12-01
6407641b305a576376e6f50c,3.0,2,4,1,4,2022-01-01
6407641b305a576376e6f364,762.0,3,3,2,5,2021-02-01
6407641b305a576376e6f370,414.0,1,8,1,3,2021-02-01
6407641b305a576376e6f384,6943.0,3,1,2,5,2021-03-01
6407641b305a576376e6f3a8,78.0,1,3,1,2,2021-04-01
6407641b305a576376e6f3b9,3512.0,1,1,1,3,2021-04-01
6407641b305a576376e6f3cc,1041.0,3,4,2,5,2021-05-01
6407641b305a576376e6f405,22.0,1,7,1,1,2021-06-01
6407641b305a576376e6f42f,14.0,1,7,1,3,2021-07-01
6407641b305a576376e6f435,2077.0,1,1,1,3,2021-07-01
6407641b305a576376e6f43e,561.0,1,9,1,3,2021-07-01
6407641b305a576376e6f448,930.0,3,11,2,5,2021-08-01
6407641b305a576376e6f458,46.0,1,10,1,1,2021-08-01
6407641b305a576376e6f468,97.0,1,9,1,2,2021-08-01
6407641b305a576376e6f46b,4.0,2,4,1,4,2021-09-01
6407641b305a576376e6f48b,461.0,1,2,1,3,2021-09-01
6407641b305a576376e6f499,3782.0,3,1,2,5,2021-10-01
6407641b305a576376e6f4a4,1303.0,1,4,1,3,2021-10-01
6407641b305a576376e6f4a6,63.0,1,10,1,2,2021-10-01
6407641b305a576376e6f4a8,76.0,1,8,1,1,2021-10-01
6407641b305a576376e6f4cb,143.0,1,4,1,2,2021-11-01
6407641b305a576376e6f50f,1.0,2,5,1,4,2022-01-01
6407641b305a576376e6f518,238.0,1,3,1,3,2022-01-01
6407641b305a576376e6f51a,159.0,1,11,1,2,2022-01-01
6407641b305a576376e6f53b,2939.0,3,1,2,5,2022-02-01
6407641b305a576376e6f538,840.0,3,11,2,5,2022-02-01
6407641b305a576376e6f542,135.0,1,11,1,2,2022-02-01
6407641b305a576376e6f548,75.0,1,10,1,1,2022-02-01
6407641b305a576376e6f559,1.0,2,5,1,8,2022-03-01
6407641b305a576376e6f568,290.0,1,4,1,1,2022-03-01
6407641b305a576376e6f56a,65.0,1,10,1,2,2022-03-01
6407641b305a576376e6f5c7,1.0,2,4,1,8,2022-06-01
6407641b305a576376e6f5cf,1.0,2,5,1,6,2022-06-01
6407641b305a576376e6f5d9,232.0,1,3,1,1,2022-06-01
6407641b305a576376e6f5da,262.0,1,3,1,2,2022-06-01
6407641b305a576376e6f5db,579.0,1,3,1,3,2022-06-01
6407641b305a576376e6f5de,163.0,1,11,1,3,2022-06-01
6407641b305a576376e6f5eb,174.0,1,5,1,2,2022-06-01
6407641b305a576376e6f5f8,1.0,2,2,1,4,2022-07-01
6407641b305a576376e6f602,178.0,1,3,1,1,2022-07-01
6407641b305a576376e6f60a,33.0,1,10,1,1,2022-07-01
6407641b305a576376e6f61c,2.0,2,4,4,6,2022-08-01
6407641b305a576376e6f61e,1.0,2,1,5,8,2022-08-01
6407641b305a576376e6f63c,205.0,1,4,4,2,2022-08-01
6407641b305a576376e6f64b,1099.0,1,1,4,3,2022-08-01
6407641b305a576376e6f64f,6.0,1,2,5,2,2022-08-01
6407641b305a576376e6f65a,84.0,1,5,4,2,2022-08-01
6407641b305a576376e6f672,475.0,1,3,4,1,2022-09-01
6407641b305a576376e6f689,5.0,2,1,4,8,2022-10-01
6407641b305a576376e6f68a,6.0,2,1,4,6,2022-10-01
6407641b305a576376e6f69b,628.0,1,10,4,3,2022-10-01
6407641b305a576376e6f6a3,288.0,1,2,4,2,2022-10-01
6407641b305a576376e6f6cc,421.0,1,1,4,1,2022-11-01
6407641b305a576376e6f6d1,1295.0,1,2,4,3,2022-11-01
6407641b305a576376e6f6d8,3.0,2,3,4,6,2022-12-01
6407641b305a576376e6f6e9,1789.0,3,1,2,5,2022-12-01
6407641b305a576376e6f53f,63.0,1,3,1,1,2022-02-01
6407641b305a576376e6f556,2.0,2,1,1,6,2022-03-01
6407641b305a576376e6f55d,2305.0,3,10,2,5,2022-03-01
6407641b305a576376e6f596,1224.0,1,1,1,3,2022-04-01
6407641b305a576376e6f5a0,2.0,2,4,1,6,2022-05-01
6407641b305a576376e6f5b4,899.0,1,4,1,3,2022-05-01
6407641b305a576376e6f5c0,420.0,1,5,1,3,2022-05-01
6407641b305a576376e6f5e1,752.0,1,4,1,3,2022-06-01
6407641b305a576376e6f60e,864.0,1,1,1,2,2022-07-01
6407641b305a576376e6f613,80.0,1,5,1,2,2022-07-01
6407641b305a576376e6f623,10.0,2,5,4,4,2022-08-01
6407641b305a576376e6f634,1.0,1,11,5,1,2022-08-01
6407641b305a576376e6f635,1.0,1,4,1,1,2022-08-01
6407641b305a576376e6f640,11.0,1,10,4,1,2022-08-01
6407641b305a576376e6f653,354.0,1,2,4,3,2022-08-01
6407641b305a576376e6f53d,12.0,1,6,1,2,2022-02-01
6407641b305a576376e6f566,438.0,1,11,1,3,2022-03-01
6407641b305a576376e6f580,1.0,2,9,1,6,2022-04-01
6407641b305a576376e6f592,68.0,1,10,1,2,2022-04-01
6407641b305a576376e6f5a7,470.0,3,4,2,5,2022-05-01
6407641b305a576376e6f5d2,472.0,3,11,2,5,2022-06-01
6407641b305a576376e6f5dd,97.0,1,11,1,2,2022-06-01
6407641b305a576376e6f5e0,332.0,1,4,1,2,2022-06-01
6407641b305a576376e6f5f2,1.0,2,11,1,4,2022-07-01
6407641b305a576376e6f5f3,1.0,2,4,1,6,2022-07-01
6407641b305a576376e6f5f6,5.0,2,1,1,4,2022-07-01
6407641b305a576376e6f604,58.0,1,11,1,1,2022-07-01
6407641b305a576376e6f610,60.0,1,2,1,1,2022-07-01
6407641b305a576376e6f668,1.0,2,1,4,6,2022-09-01
6407641b305a576376e6f67a,51.0,1,2,4,1,2022-09-01
6407641b305a576376e6f67f,247.0,1,5,4,3,2022-09-01
6407641b305a576376e6f683,2.0,2,3,4,6,2022-10-01
6407641b305a576376e6f685,3.0,2,4,4,8,2022-10-01
6407641b305a576376e6f69c,20.0,1,8,4,1,2022-10-01
6407641b305a576376e6f544,222.0,1,4,1,1,2022-02-01
6407641b305a576376e6f546,770.0,1,4,1,3,2022-02-01
6407641b305a576376e6f54a,319.0,1,1,1,1,2022-02-01
6407641b305a576376e6f550,96.0,1,9,1,1,2022-02-01
6407641b305a576376e6f553,1.0,2,4,1,4,2022-03-01
6407641b305a576376e6f562,22.0,1,3,1,2,2022-03-01
6407641b305a576376e6f569,1029.0,1,4,1,3,2022-03-01
6407641b305a576376e6f594,629.0,1,1,1,1,2022-04-01
6407641b305a576376e6f599,414.0,1,2,1,3,2022-04-01
6407641b305a576376e6f5be,214.0,1,5,1,2,2022-05-01
6407641b305a576376e6f5c6,4.0,2,3,1,4,2022-06-01
6407641b305a576376e6f5cb,3.0,2,1,1,4,2022-06-01
6407641b305a576376e6f5cd,2.0,2,2,1,8,2022-06-01
6407641b305a576376e6f5fc,2309.0,3,4,2,5,2022-07-01
6407641b305a576376e6f60c,320.0,1,10,1,3,2022-07-01
6407641b305a576376e6f615,210.0,1,5,1,3,2022-07-01
6407641b305a576376e6f625,55.0,3,11,2,5,2022-08-01
6407641b305a576376e6f627,78.0,3,10,2,5,2022-08-01
6407641b305a576376e6f63a,49.0,1,4,5,3,2022-08-01
6407641b305a576376e6f664,6.0,2,3,4,6,2022-09-01
6407641b305a576376e6f669,1.0,2,2,4,4,2022-09-01
6407641b305a576376e6f676,992.0,1,4,4,3,2022-09-01
6407641b305a576376e6f681,152.0,1,9,4,3,2022-09-01
6407641b305a576376e6f6ad,6.0,2,11,4,6,2022-11-01
6407641b305a576376e6f6b1,8.0,2,4,4,4,2022-11-01
6407641b305a576376e6f6ba,1184.0,3,10,2,5,2022-11-01
6407641b305a576376e6f6bc,2402.0,3,9,2,5,2022-11-01
6407641b305a576376e6f6d0,565.0,1,2,4,1,2022-11-01
6407641b305a576376e6f6e4,3.0,2,2,4,4,2022-12-01
6407641b305a576376e6f6fe,471.0,1,2,4,2,2022-12-01
6407641b305a576376e6f58f,281.0,1,4,1,2,2022-04-01
6407641b305a576376e6f5a2,1.0,2,1,1,6,2022-05-01
6407641b305a576376e6f5ce,2.0,2,2,1,4,2022-06-01
6407641b305a576376e6f5d5,2191.0,3,1,2,5,2022-06-01
6407641b305a576376e6f5e9,193.0,1,2,1,2,2022-06-01
6407641b305a576376e6f5ee,167.0,1,9,1,2,2022-06-01
6407641b305a576376e6f5ff,539.0,3,9,2,5,2022-07-01
6407641b305a576376e6f603,323.0,1,3,1,3,2022-07-01
6407641b305a576376e6f608,292.0,1,4,1,2,2022-07-01
6407641b305a576376e6f60d,547.0,1,1,1,1,2022-07-01
6407641b305a576376e6f62a,8.0,1,6,4,2,2022-08-01
6407641b305a576376e6f62d,18.0,1,3,5,2,2022-08-01
6407641b305a576376e6f62f,29.0,1,3,5,3,2022-08-01
6407641b305a576376e6f645,52.0,1,1,5,1,2022-08-01
6407641b305a576376e6f64e,3.0,1,2,5,1,2022-08-01
6407641b305a576376e6f541,126.0,1,11,1,1,2022-02-01
6407641b305a576376e6f563,67.0,1,3,1,3,2022-03-01
6407641b305a576376e6f564,128.0,1,11,1,1,2022-03-01
6407641b305a576376e6f56b,78.0,1,10,1,1,2022-03-01
6407641b305a576376e6f575,607.0,1,5,1,3,2022-03-01
6407641b305a576376e6f578,155.0,1,9,1,3,2022-03-01
6407641b305a576376e6f57d,10.0,2,1,1,6,2022-04-01
6407641b305a576376e6f581,36.0,3,3,2,5,2022-04-01
6407641b305a576376e6f582,1249.0,3,11,2,5,2022-04-01
6407641b305a576376e6f5cc,5.0,2,1,1,8,2022-06-01
6407641b305a576376e6f5d3,1164.0,3,4,2,5,2022-06-01
6407641b305a576376e6f5e6,803.0,1,1,1,2,2022-06-01
6407641b305a576376e6f5e7,1139.0,1,1,1,3,2022-06-01
6407641b305a576376e6f605,83.0,1,11,1,2,2022-07-01
6407641b305a576376e6f609,1142.0,1,4,1,3,2022-07-01
6407641b305a576376e6f662,133.0,1,9,4,3,2022-08-01
6407641b305a576376e6f679,627.0,1,1,4,3,2022-09-01
6407641b305a576376e6f686,3.0,2,4,4,6,2022-10-01
6407641b305a576376e6f68b,6.0,2,1,4,4,2022-10-01
6407641b305a576376e6f6be,210.0,1,3,4,1,2022-11-01
6407641b305a576376e6f6fa,227.0,1,1,4,1,2022-12-01
6407641b305a576376e6f703,4.0,1,9,4,2,2022-12-01
6407641b305a576376e6f612,316.0,1,2,1,3,2022-07-01
6407641b305a576376e6f61b,2.0,2,4,5,4,2022-08-01
6407641b305a576376e6f637,23.0,1,4,5,2,2022-08-01
6407641b305a576376e6f65d,2.0,1,9,5,3,2022-08-01
6407641b305a576376e6f663,2.0,2,3,4,8,2022-09-01
6407641b305a576376e6f66c,1.0,3,11,2,5,2022-09-01
6407641b305a576376e6f675,371.0,1,4,4,1,2022-09-01
6407641b305a576376e6f690,219.0,3,10,2,5,2022-10-01
6407641b305a576376e6f698,865.0,1,4,4,3,2022-10-01
6407641b305a576376e6f6b0,2.0,2,4,4,8,2022-11-01
6407641b305a576376e6f6fb,361.0,1,1,4,2,2022-12-01
6407641b305a576376e6f6fd,453.0,1,2,4,1,2022-12-01
6407641b305a576376e6f705,34.0,1,9,4,3,2022-12-01
6407641b305a576376e6f532,2.0,2,4,1,4,2022-02-01
6407641b305a576376e6f54b,459.0,1,1,1,2,2022-02-01
6407641b305a576376e6f56f,986.0,1,1,1,3,2022-03-01
6407641b305a576376e6f574,352.0,1,5,1,2,2022-03-01
6407641b305a576376e6f585,3804.0,3,1,2,5,2022-04-01
6407641b305a576376e6f58e,223.0,1,4,1,1,2022-04-01
6407641b305a576376e6f595,905.0,1,1,1,2,2022-04-01
6407641b305a576376e6f59c,452.0,1,5,1,3,2022-04-01
6407641b305a576376e6f5a5,5.0,2,5,1,6,2022-05-01
6407641b305a576376e6f5a9,4343.0,3,1,2,5,2022-05-01
6407641b305a576376e6f5af,135.0,1,11,1,1,2022-05-01
6407641b305a576376e6f5b0,171.0,1,11,1,2,2022-05-01
6407641b305a576376e6f5c3,160.0,1,9,1,3,2022-05-01
6407641b305a576376e6f5c5,4.0,2,3,1,6,2022-06-01
6407641b305a576376e6f5d6,544.0,3,9,2,5,2022-06-01
6407641b305a576376e6f5d8,1.0,1,12,1,3,2022-06-01
6407641b305a576376e6f5dc,52.0,1,11,1,1,2022-06-01
6407641b305a576376e6f5df,259.0,1,4,1,1,2022-06-01
6407641b305a576376e6f5f7,8.0,2,1,1,6,2022-07-01
6407641b305a576376e6f642,2.0,1,8,4,3,2022-08-01
6407641b305a576376e6f650,29.0,1,2,5,3,2022-08-01
6407641b305a576376e6f655,3.0,1,5,1,3,2022-08-01
6407641b305a576376e6f666,1.0,2,4,4,6,2022-09-01
6407641b305a576376e6f667,3.0,2,4,4,4,2022-09-01
6407641b305a576376e6f66b,6.0,2,5,4,4,2022-09-01
6407641b305a576376e6f673,1017.0,1,3,4,3,2022-09-01
6407641b305a576376e6f694,346.0,1,3,4,1,2022-10-01
6407641b305a576376e6f6a0,639.0,1,1,4,2,2022-10-01
6407641b305a576376e6f6a2,277.0,1,2,4,1,2022-10-01
6407641b305a576376e6f6c2,299.0,1,11,4,3,2022-11-01
6407641b305a576376e6f6c5,952.0,1,4,4,3,2022-11-01
6407641b305a576376e6f6c7,124.0,1,10,4,1,2022-11-01
6407641b305a576376e6f6cb,380.0,1,8,4,2,2022-11-01
6407641b305a576376e6f6cf,525.0,1,2,4,2,2022-11-01
6407641b305a576376e6f6de,3.0,2,4,4,6,2022-12-01
6407641b305a576376e6f697,364.0,1,4,4,1,2022-10-01
6407641b305a576376e6f6b3,5.0,2,1,4,8,2022-11-01
6407641b305a576376e6f6b4,11.0,2,1,4,4,2022-11-01
6407641b305a576376e6f6b8,1.0,2,5,4,8,2022-11-01
6407641b305a576376e6f6c3,347.0,1,4,4,2,2022-11-01
6407641b305a576376e6f6df,5.0,2,4,4,4,2022-12-01
6407641b305a576376e6f6e7,61.0,3,4,2,5,2022-12-01
6407641b305a576376e6f6ea,84.0,3,9,2,5,2022-12-01
6407641b305a576376e6f62c,1.0,1,3,1,3,2022-08-01
6407641b305a576376e6f62e,18.0,1,3,5,1,2022-08-01
6407641b305a576376e6f630,134.0,1,3,4,2,2022-08-01
6407641b305a576376e6f63f,10.0,1,10,4,2,2022-08-01
6407641b305a576376e6f641,110.0,1,10,4,3,2022-08-01
6407641b305a576376e6f647,83.0,1,1,5,2,2022-08-01
6407641b305a576376e6f65f,14.0,1,9,5,2,2022-08-01
6407641b305a576376e6f661,116.0,1,9,4,2,2022-08-01
6407641b305a576376e6f671,354.0,1,3,4,2,2022-09-01
6407641b305a576376e6f687,15.0,2,4,4,4,2022-10-01
6407641b305a576376e6f692,2483.0,3,9,2,5,2022-10-01
6407641b305a576376e6f6a7,242.0,1,5,4,3,2022-10-01
6407641b305a576376e6f6a8,166.0,1,9,4,1,2022-10-01
6407641b305a576376e6f6a9,292.0,1,9,4,2,2022-10-01
6407641b305a576376e6f6aa,376.0,1,9,4,3,2022-10-01
6407641b305a576376e6f6db,4.0,2,11,4,4,2022-12-01
6407641b305a576376e6f6e0,1.0,2,8,4,6,2022-12-01
6407641b305a576376e6f555,1.0,2,10,1,8,2022-03-01
6407641b305a576376e6f573,337.0,1,5,1,1,2022-03-01
6407641b305a576376e6f577,154.0,1,9,1,2,2022-03-01
6407641b305a576376e6f57c,4.0,2,1,1,8,2022-04-01
6407641b305a576376e6f5a6,770.0,3,11,2,5,2022-05-01
6407641b305a576376e6f5ab,13.0,1,6,1,2,2022-05-01
6407641b305a576376e6f5ae,586.0,1,3,1,3,2022-05-01
6407641b305a576376e6f5b8,790.0,1,1,1,1,2022-05-01
6407641b305a576376e6f5ba,1416.0,1,1,1,3,2022-05-01
6407641b305a576376e6f5c8,4.0,2,4,1,4,2022-06-01
6407641b305a576376e6f5d1,5.0,2,9,1,6,2022-06-01
6407641b305a576376e6f5e5,618.0,1,1,1,1,2022-06-01
6407641b305a576376e6f5fe,3565.0,3,1,2,5,2022-07-01
6407641b305a576376e6f624,1.0,2,9,4,4,2022-08-01
6407641b305a576376e6f626,1870.0,3,4,2,5,2022-08-01
6407641b305a576376e6f632,376.0,1,3,4,3,2022-08-01
6407641b305a576376e6f636,4.0,1,4,1,2,2022-08-01
6407641b305a576376e6f63b,169.0,1,4,4,1,2022-08-01
6407641b305a576376e6f646,57.0,1,1,1,3,2022-08-01
6407641b305a576376e6f656,5.0,1,5,5,2,2022-08-01
6407641b305a576376e6f657,7.0,1,5,5,3,2022-08-01
6407641b305a576376e6f65b,130.0,1,5,4,3,2022-08-01
6407641b305a576376e6f65c,146.0,1,5,4,1,2022-08-01
6407641b305a576376e6f680,140.0,1,9,4,1,2022-09-01
6407641b305a576376e6f688,1.0,2,10,4,4,2022-10-01
6407641b305a576376e6f68f,1018.0,3,4,2,5,2022-10-01
6407641b305a576376e6f69d,21.0,1,8,4,2,2022-10-01
6407641b305a576376e6f6a5,79.0,1,5,4,2,2022-10-01
6407641b305a576376e6f6cd,630.0,1,1,4,2,2022-11-01
6407641b305a576376e6f6d2,88.0,1,5,4,2,2022-11-01
6407641b305a576376e6f6e6,429.0,3,11,2,5,2022-12-01
6407641b305a576376e6f6f4,54.0,1,10,4,2,2022-12-01
6407641b305a576376e6f6f9,360.0,1,8,4,3,2022-12-01
6407641b305a576376e6f701,174.0,1,5,4,1,2022-12-01
6407641b305a576376e6f704,18.0,1,9,4,1,2022-12-01
6407641b305a576376e6f535,1.0,2,5,1,4,2022-02-01
6407641b305a576376e6f534,5.0,2,1,1,4,2022-02-01
6407641b305a576376e6f552,189.0,1,9,1,3,2022-02-01
6407641b305a576376e6f56d,502.0,1,1,1,1,2022-03-01
6407641b305a576376e6f576,90.0,1,9,1,1,2022-03-01
6407641b305a576376e6f586,1626.0,3,9,2,5,2022-04-01
6407641b305a576376e6f5a3,4.0,2,1,1,4,2022-05-01
6407641b305a576376e6f5aa,1206.0,3,9,2,5,2022-05-01
6407641b305a576376e6f5b7,434.0,1,10,1,3,2022-05-01
6407641b305a576376e6f5bd,349.0,1,2,1,3,2022-05-01
6407641b305a576376e6f5c2,137.0,1,9,1,2,2022-05-01
6407641b305a576376e6f5d0,2.0,2,9,1,4,2022-06-01
6407641b305a576376e6f5e4,792.0,1,10,1,3,2022-06-01
6407641b305a576376e6f5ea,463.0,1,2,1,3,2022-06-01
6407641b305a576376e6f60f,959.0,1,1,1,3,2022-07-01
6407641b305a576376e6f629,1309.0,3,9,2,5,2022-08-01
6407641b305a576376e6f63d,813.0,1,4,4,3,2022-08-01
6407641b305a576376e6f651,58.0,1,2,4,1,2022-08-01
6407641b305a576376e6f677,190.0,1,1,4,1,2022-09-01
6407641b305a576376e6f67c,308.0,1,2,4,3,2022-09-01
6407641b305a576376e6f6a1,778.0,1,1,4,3,2022-10-01
6407641b305a576376e6f6af,1.0,2,4,4,6,2022-11-01
6407641b305a576376e6f6bb,2064.0,3,1,2,5,2022-11-01
6407641b305a576376e6f6c6,107.0,1,10,4,2,2022-11-01
6407641b305a576376e6f6d3,99.0,1,5,4,1,2022-11-01
6407641b305a576376e6f6dd,3.0,2,4,4,8,2022-12-01
6407641b305a576376e6f6e8,238.0,3,10,2,5,2022-12-01
6407641b305a576376e6f6eb,153.0,1,3,4,2,2022-12-01
6407641b305a576376e6f6f7,224.0,1,8,4,1,2022-12-01
6407641b305a576376e6f530,136.0,1,9,1,3,2022-01-01
6407641b305a576376e6f536,2.0,2,9,1,8,2022-02-01
6407641b305a576376e6f53e,60.0,1,3,1,2,2022-02-01
6407641b305a576376e6f543,434.0,1,11,1,3,2022-02-01
6407641b305a576376e6f557,3.0,2,1,1,4,2022-03-01
6407641b305a576376e6f55e,2435.0,3,1,2,5,2022-03-01
6407641b305a576376e6f579,1.0,2,4,1,8,2022-04-01
6407641b305a576376e6f57e,10.0,2,1,1,4,2022-04-01
6407641b305a576376e6f583,300.0,3,4,2,5,2022-04-01
6407641b305a576376e6f588,78.0,1,3,1,1,2022-04-01
6407641b305a576376e6f589,92.0,1,3,1,2,2022-04-01
6407641b305a576376e6f58c,92.0,1,11,1,2,2022-04-01
6407641b305a576376e6f597,101.0,1,2,1,1,2022-04-01
6407641b305a576376e6f5b1,356.0,1,11,1,3,2022-05-01
6407641b305a576376e6f5b2,270.0,1,4,1,1,2022-05-01
6407641b305a576376e6f5e8,97.0,1,2,1,1,2022-06-01
6407641b305a576376e6f63e,1.0,1,10,5,1,2022-08-01
6407641b305a576376e6f649,515.0,1,1,4,1,2022-08-01
6407641b305a576376e6f652,92.0,1,2,4,2,2022-08-01
6407641b305a576376e6f531,2.0,2,3,1,8,2022-02-01
6407641b305a576376e6f53a,1600.0,3,10,2,5,2022-02-01
6407641b305a576376e6f549,415.0,1,10,1,3,2022-02-01
6407641b305a576376e6f54c,787.0,1,1,1,3,2022-02-01
6407641b305a576376e6f54f,617.0,1,5,1,3,2022-02-01
6407641b305a576376e6f554,2.0,2,4,1,6,2022-03-01
6407641b305a576376e6f558,4.0,2,1,1,8,2022-03-01
6407641b305a576376e6f55a,414.0,3,3,2,5,2022-03-01
6407641b305a576376e6f55f,1436.0,3,9,2,5,2022-03-01
6407641b305a576376e6f561,13.0,1,3,1,1,2022-03-01
6407641b305a576376e6f56c,442.0,1,10,1,3,2022-03-01
6407641b305a576376e6f56e,840.0,1,1,1,2,2022-03-01
6407641b305a576376e6f5a8,2168.0,3,10,2,5,2022-05-01
6407641b305a576376e6f5b3,296.0,1,4,1,2,2022-05-01
6407641b305a576376e6f5bf,237.0,1,5,1,1,2022-05-01
6407641b305a576376e6f5e3,144.0,1,10,1,1,2022-06-01
6407641b305a576376e6f5ed,382.0,1,5,1,3,2022-06-01
6407641b305a576376e6f5f4,1.0,2,10,1,4,2022-07-01
6407641b305a576376e6f540,296.0,1,3,1,3,2022-02-01
6407641b305a576376e6f545,241.0,1,4,1,2,2022-02-01
6407641b305a576376e6f560,3.0,1,6,1,2,2022-03-01
6407641b305a576376e6f570,80.0,1,2,1,1,2022-03-01
6407641b305a576376e6f572,351.0,1,2,1,3,2022-03-01
6407641b305a576376e6f584,2902.0,3,10,2,5,2022-04-01
6407641b305a576376e6f587,1.0,1,6,1,2,2022-04-01
6407641b305a576376e6f58d,283.0,1,11,1,3,2022-04-01
6407641b305a576376e6f590,835.0,1,4,1,3,2022-04-01
6407641b305a576376e6f593,453.0,1,10,1,3,2022-04-01
6407641b305a576376e6f59f,123.0,1,9,1,3,2022-04-01
6407641b305a576376e6f5a1,8.0,2,4,1,4,2022-05-01
6407641b305a576376e6f5b5,69.0,1,10,1,1,2022-05-01
6407641b305a576376e6f5b9,912.0,1,1,1,2,2022-05-01
6407641b305a576376e6f5c1,90.0,1,9,1,1,2022-05-01
6407641b305a576376e6f5d4,1544.0,3,10,2,5,2022-06-01
6407641b305a576376e6f5d7,2.0,1,6,1,2,2022-06-01
6407641b305a576376e6f5f0,260.0,1,9,1,1,2022-06-01
6407641b305a576376e6f607,268.0,1,4,1,1,2022-07-01
6407641b305a576376e6f639,29.0,1,4,1,3,2022-08-01
6407641b305a576376e6f644,52.0,1,1,1,2,2022-08-01
6407641b305a576376e6f670,1600.0,3,9,2,5,2022-09-01
6407641b305a576376e6f67d,100.0,1,5,4,2,2022-09-01
6407641b305a576376e6f682,241.0,1,9,4,2,2022-09-01
6407641b305a576376e6f696,291.0,1,4,4,2,2022-10-01
6407641b305a576376e6f6a4,621.0,1,2,4,3,2022-10-01
6407641b305a576376e6f6b6,1.0,2,2,4,8,2022-11-01
6407641b305a576376e6f6c8,690.0,1,10,4,3,2022-11-01
6407641b305a576376e6f6dc,9.0,2,11,4,6,2022-12-01
6407641b305a576376e6f6ef,86.0,1,11,4,2,2022-12-01
6407641b305a576376e6f6f8,249.0,1,8,4,2,2022-12-01
6407641b305a576376e6f53c,799.0,3,9,2,5,2022-02-01
6407641b305a576376e6f547,51.0,1,10,1,2,2022-02-01
6407641b305a576376e6f54d,292.0,1,5,1,2,2022-02-01
6407641b305a576376e6f565,135.0,1,11,1,2,2022-03-01
6407641b305a576376e6f5ad,246.0,1,3,1,2,2022-05-01
6407641b305a576376e6f5b6,89.0,1,10,1,2,2022-05-01
6407641b305a576376e6f5ef,210.0,1,9,1,3,2022-06-01
6407641b305a576376e6f5fd,1278.0,3,10,2,5,2022-07-01
6407641b305a576376e6f60b,68.0,1,10,1,2,2022-07-01
6407641b305a576376e6f616,97.0,1,9,1,2,2022-07-01
6407641b305a576376e6f61d,8.0,2,4,4,4,2022-08-01
6407641b305a576376e6f622,1.0,2,5,4,8,2022-08-01
6407641b305a576376e6f62b,1.0,1,3,1,1,2022-08-01
6407641b305a576376e6f638,23.0,1,4,5,1,2022-08-01
6407641b305a576376e6f64d,1.0,1,2,1,3,2022-08-01
6407641b305a576376e6f65e,7.0,1,9,5,1,2022-08-01
6407641b305a576376e6f537,463.0,3,3,2,5,2022-02-01
6407641b305a576376e6f539,3163.0,3,4,2,5,2022-02-01
6407641b305a576376e6f55b,1206.0,3,11,2,5,2022-03-01
6407641b305a576376e6f55c,1568.0,3,4,2,5,2022-03-01
6407641b305a576376e6f571,108.0,1,2,1,2,2022-03-01
6407641b305a576376e6f57b,2.0,2,4,1,4,2022-04-01
6407641b305a576376e6f58a,241.0,1,3,1,3,2022-04-01
6407641b305a576376e6f59b,258.0,1,5,1,1,2022-04-01
6407641b305a576376e6f5a4,2.0,2,5,1,4,2022-05-01
6407641b305a576376e6f5ac,204.0,1,3,1,1,2022-05-01
6407641b305a576376e6f5bb,96.0,1,2,1,1,2022-05-01
6407641b305a576376e6f5bc,190.0,1,2,1,2,2022-05-01
6407641b305a576376e6f5f1,2.0,2,3,1,4,2022-07-01
6407641b305a576376e6f5f9,2.0,2,5,1,4,2022-07-01
6407641b305a576376e6f5fa,2.0,2,9,1,4,2022-07-01
6407641b305a576376e6f601,142.0,1,3,1,2,2022-07-01
6407641b305a576376e6f6ab,1.0,2,3,4,4,2022-11-01
6407641b305a576376e6f5fb,670.0,3,11,2,5,2022-07-01
6407641b305a576376e6f606,229.0,1,11,1,3,2022-07-01
6407641b305a576376e6f611,106.0,1,2,1,2,2022-07-01
6407641b305a576376e6f665,18.0,2,3,4,4,2022-09-01
6407641b305a576376e6f66a,2.0,2,2,4,6,2022-09-01
6407641b305a576376e6f66d,1868.0,3,4,2,5,2022-09-01
6407641b305a576376e6f66e,602.0,3,10,2,5,2022-09-01
6407641b305a576376e6f674,305.0,1,4,4,2,2022-09-01
6407641b305a576376e6f67e,157.0,1,5,4,1,2022-09-01
6407641b305a576376e6f693,318.0,1,3,4,2,2022-10-01
6407641b305a576376e6f69a,101.0,1,10,4,1,2022-10-01
6407641b305a576376e6f69e,21.0,1,8,4,3,2022-10-01
6407641b305a576376e6f6b7,3.0,2,2,4,4,2022-11-01
6407641b305a576376e6f6b9,158.0,3,4,2,5,2022-11-01
6407641b305a576376e6f6d5,101.0,1,9,4,1,2022-11-01
6407641b305a576376e6f6d6,111.0,1,9,4,2,2022-11-01
6407641b305a576376e6f6f1,315.0,1,4,4,1,2022-12-01
6407641b305a576376e6f6f2,344.0,1,4,4,2,2022-12-01
6407641b305a576376e6f6f5,90.0,1,10,4,1,2022-12-01
6407641b305a576376e6f61a,1.0,2,4,5,8,2022-08-01
6407641b305a576376e6f61f,1.0,2,1,4,8,2022-08-01
6407641b305a576376e6f620,2.0,2,1,4,4,2022-08-01
6407641b305a576376e6f628,5691.0,3,1,2,5,2022-08-01
6407641b305a576376e6f631,247.0,1,3,4,1,2022-08-01
6407641b305a576376e6f68d,4.0,2,2,4,6,2022-10-01
6407641b305a576376e6f699,67.0,1,10,4,2,2022-10-01
6407641b305a576376e6f69f,371.0,1,1,4,1,2022-10-01
6407641b305a576376e6f6a6,103.0,1,5,4,1,2022-10-01
6407641b305a576376e6f6ac,4.0,2,3,4,8,2022-11-01
6407641b305a576376e6f6c4,401.0,1,4,4,1,2022-11-01
6407641b305a576376e6f6ca,374.0,1,8,4,3,2022-11-01
6407641b305a576376e6f6d7,190.0,1,9,4,3,2022-11-01
6407641b305a576376e6f6f3,731.0,1,4,4,3,2022-12-01
6407641b305a576376e6f6f6,481.0,1,10,4,3,2022-12-01
6407641b305a576376e6f533,2.0,2,1,1,6,2022-02-01
6407641b305a576376e6f551,112.0,1,9,1,2,2022-02-01
6407641b305a576376e6f567,264.0,1,4,1,2,2022-03-01
6407641b305a576376e6f57f,3.0,2,5,1,4,2022-04-01
6407641b305a576376e6f58b,84.0,1,11,1,1,2022-04-01
6407641b305a576376e6f591,51.0,1,10,1,1,2022-04-01
6407641b305a576376e6f598,180.0,1,2,1,2,2022-04-01
6407641b305a576376e6f59a,246.0,1,5,1,2,2022-04-01
6407641b305a576376e6f59d,44.0,1,9,1,1,2022-04-01
6407641b305a576376e6f5c9,1.0,2,10,1,6,2022-06-01
6407641b305a576376e6f5ca,1.0,2,10,1,4,2022-06-01
6407641b305a576376e6f5e2,125.0,1,10,1,2,2022-06-01
6407641b305a576376e6f5f5,2.0,2,1,1,8,2022-07-01
6407641b305a576376e6f618,125.0,1,9,1,3,2022-07-01
6407641b305a576376e6f619,4.0,2,3,4,4,2022-08-01
6407641b305a576376e6f643,26.0,1,1,1,1,2022-08-01
6407641b305a576376e6f64c,1.0,1,2,1,1,2022-08-01
6407641b305a576376e6f658,8.0,1,5,1,1,2022-08-01
6407641b305a576376e6f678,488.0,1,1,4,2,2022-09-01
6407641b305a576376e6f67b,61.0,1,2,4,2,2022-09-01
6407641b305a576376e6f68e,2.0,3,11,2,5,2022-10-01
6407641b305a576376e6f6b5,22.0,2,1,4,6,2022-11-01
6407641b305a576376e6f6c9,282.0,1,8,4,1,2022-11-01
6407641b305a576376e6f6ce,855.0,1,1,4,3,2022-11-01
6407641b305a576376e6f6e2,6.0,2,1,4,6,2022-12-01
6407641b305a576376e6f6e3,7.0,2,1,4,4,2022-12-01
6407641b305a576376e6f6ed,442.0,1,3,4,3,2022-12-01
6407641b305a576376e6f6f0,175.0,1,11,4,3,2022-12-01
6407641b305a576376e6f6ff,1044.0,1,2,4,3,2022-12-01
6407641b305a576376e6f700,86.0,1,5,4,2,2022-12-01
6407641b305a576376e6f6d9,5.0,2,3,4,4,2022-12-01
6407641b305a576376e6f6e1,2.0,2,1,4,8,2022-12-01
6407641b305a576376e6f6fc,528.0,1,1,4,3,2022-12-01
6407641b305a576376e6f702,246.0,1,5,4,3,2022-12-01
6407641b305a576376e6f617,121.0,1,9,1,1,2022-07-01
6407641b305a576376e6f648,97.0,1,1,5,3,2022-08-01
6407641b305a576376e6f660,109.0,1,9,4,1,2022-08-01
6407641b305a576376e6f66f,4443.0,3,1,2,5,2022-09-01
6407641b305a576376e6f684,4.0,2,3,4,4,2022-10-01
6407641b305a576376e6f68c,3.0,2,2,4,4,2022-10-01
6407641b305a576376e6f6ae,7.0,2,11,4,4,2022-11-01
6407641b305a576376e6f6b2,1.0,2,10,4,6,2022-11-01
6407641b305a576376e6f6bd,207.0,1,3,4,2,2022-11-01
6407641b305a576376e6f6da,2.0,2,11,4,8,2022-12-01
6407641b305a576376e6f6e5,1.0,2,5,4,4,2022-12-01
6407641b305a576376e6f6ec,162.0,1,3,4,1,2022-12-01
6407641b305a576376e6f54e,364.0,1,5,1,1,2022-02-01
6407641b305a576376e6f57a,1.0,2,4,1,6,2022-04-01
6407641b305a576376e6f59e,87.0,1,9,1,2,2022-04-01
6407641b305a576376e6f5c4,3.0,2,3,1,8,2022-06-01
6407641b305a576376e6f5ec,201.0,1,5,1,1,2022-06-01
6407641b305a576376e6f600,10.0,1,6,1,2,2022-07-01
6407641b305a576376e6f614,131.0,1,5,1,1,2022-07-01
6407641b305a576376e6f621,2.0,2,1,4,6,2022-08-01
6407641b305a576376e6f633,1.0,1,11,5,2,2022-08-01
6407641b305a576376e6f64a,790.0,1,1,4,2,2022-08-01
6407641b305a576376e6f654,2.0,1,5,1,2,2022-08-01
6407641b305a576376e6f659,11.0,1,5,5,1,2022-08-01
6407641b305a576376e6f691,1617.0,3,1,2,5,2022-10-01
6407641b305a576376e6f695,931.0,1,3,4,3,2022-10-01
6407641b305a576376e6f6bf,590.0,1,3,4,3,2022-11-01
6407641b305a576376e6f6c0,72.0,1,11,4,1,2022-11-01
6407641b305a576376e6f6c1,113.0,1,11,4,2,2022-11-01
6407641b305a576376e6f6d4,204.0,1,5,4,3,2022-11-01
6407641b305a576376e6f6ee,59.0,1,11,4,1,2022-12-01
